{"entities":{"pages":{"starter-topic":{"id":"starter-topic","title":"Welcome to CTF Handbooks! 👋","url":"starter-topic.html","level":0,"tabIndex":0},"The-Map-Maker-s-Handbook":{"id":"The-Map-Maker-s-Handbook","title":"The Map Maker\u0027s Handbook","url":"the-map-maker-s-handbook.html","level":0,"pages":["Making-a-Map-for-Capture-the-Flag","Commonly-Used-Itemstrings-List"],"tabIndex":1},"Making-a-Map-for-Capture-the-Flag":{"id":"Making-a-Map-for-Capture-the-Flag","title":"Making a Map for Capture the Flag","url":"making-a-map-for-capture-the-flag.html","level":1,"parentId":"The-Map-Maker-s-Handbook","tabIndex":0},"Commonly-Used-Itemstrings-List":{"id":"Commonly-Used-Itemstrings-List","title":"Commonly Used Itemstrings List","url":"commonly-used-itemstrings-list.html","level":1,"parentId":"The-Map-Maker-s-Handbook","tabIndex":1},"The-Map-Tester-s-Handbook":{"id":"The-Map-Tester-s-Handbook","title":"The Map Tester\u0027s Handbook","url":"the-map-tester-s-handbook.html","level":0,"pages":["Testing-a-Map-for-Capture-the-Flag","Map-Tester-s-Checklist"],"tabIndex":2},"Testing-a-Map-for-Capture-the-Flag":{"id":"Testing-a-Map-for-Capture-the-Flag","title":"Testing a Map for Capture the Flag","url":"testing-a-map-for-capture-the-flag.html","level":1,"parentId":"The-Map-Tester-s-Handbook","tabIndex":0},"Map-Tester-s-Checklist":{"id":"Map-Tester-s-Checklist","title":"Map Tester\u0027s Checklist","url":"map-tester-s-checklist.html","level":1,"parentId":"The-Map-Tester-s-Handbook","tabIndex":1},"Troubleshooting":{"id":"Troubleshooting","title":"Troubleshooting","url":"troubleshooting.html","level":0,"tabIndex":3}}},"topLevelIds":["starter-topic","The-Map-Maker-s-Handbook","The-Map-Tester-s-Handbook","Troubleshooting"]}